F,x_cubic_w4,se_cubic_w4,eps_cubic_w4,njumps_cubic_w4,xth_cubic_w4,x_cubic_w8,se_cubic_w8,eps_cubic_w8,njumps_cubic_w8,xth_cubic_w8,x_hex_w2,se_hex_w2,eps_hex_w2,njumps_hex_w2,xth_hex_w2,x_hex_w6,se_hex_w6,eps_hex_w6,njumps_hex_w6,xth_hex_w6
8.791201714e-05,1485.2,95.4,0.0002344320457,21320688.31,1587.978274,625.8,45.1,0.0009377281828,4784179.373,601.7312442,2475.4,145.2,7.6923015e-05,58708382.15,2598.234201,415.6,32.4,0.000999999195,3957048.855,431.4375574
0.0001894006994,2065.1,75.2,0.0005050685317,21215722.25,1999.146202,742.3,38.5,0.002020274127,4759006.1,757.5347544,3210.6,105.4,0.000165725612,56683151.24,3270.983061,552.4,30.1,0.002154432956,3948125.389,543.1477046
0.0004080514371,2502.6,55.8,0.001088137166,19876276,2516.775956,960.5,28.4,0.004352548662,4724631.174,953.6797526,4145.2,85.1,0.0003570450081,50347777.22,4117.923697,679.1,22.5,0.004641585105,3887594.908,683.7824477
0.0008791201714,3180.4,40.5,0.002344320457,16315103.04,3168.433207,1192.4,24.2,0.009377281828,4435298.495,1200.611675,5165.8,75.3,0.0007692301562,38546978.52,5184.158786,868.5,18.4,0.00999999203,3700251.344,860.8310995
0.001894006994,3915.7,50.4,0.005050685317,11363338.37,3988.821079,1485.2,30.6,0.02020274127,3669594.766,1511.480548,6445.3,95.6,0.001657256182,25302678.34,6526.469234,1065.2,25.3,0.02154433036,3220350.992,1083.722146
0.004080514371,4820.5,70.2,0.01088137166,7172953.998,5021.62822,1820.6,40.1,0.04352548662,2590618.496,1902.841271,7920.4,120.5,0.003570450694,15318819.59,8216.337969,1315.8,35.2,0.04641585902,2409058.617,1364.325349
0.008791201714,5950.4,90.3,0.02344320457,4302090.103,6321.855375,2240.5,55.8,0.09377281828,1664174.641,2395.535231,9780.2,165.4,0.007692307692,9208202.557,10343.75666,1610.4,48.6,0.1,1641613.877,1717.583852


